{"v":"5.5.9","fr":30,"ip":0,"op":61,"w":512,"h":512,"nm":"login2","ddd":0,"assets":[],"layers":[{"ddd":0,"ind":1,"ty":4,"nm":"ÐÑÐ¸Ð²ÑÐµ Ð¡Ð»Ð¾Ð¹ 2","sr":1,"ks":{"o":{"a":0,"k":100,"ix":11},"r":{"a":1,"k":[{"i":{"x":[0.833],"y":[0.833]},"o":{"x":[0.167],"y":[0.167]},"t":7,"s":[0]},{"i":{"x":[0.833],"y":[0.833]},"o":{"x":[0.167],"y":[0.167]},"t":12,"s":[-4]},{"i":{"x":[0.833],"y":[0.833]},"o":{"x":[0.167],"y":[0.167]},"t":16,"s":[4]},{"i":{"x":[0.833],"y":[0.833]},"o":{"x":[0.167],"y":[0.167]},"t":21,"s":[-4]},{"i":{"x":[0.833],"y":[0.833]},"o":{"x":[0.167],"y":[0.167]},"t":26,"s":[4]},{"i":{"x":[0.833],"y":[0.833]},"o":{"x":[0.167],"y":[0.167]},"t":30,"s":[0]},{"t":36,"s":[0]}],"ix":10},"p":{"a":0,"k":[255.355,348.717,0],"ix":2},"a":{"a":0,"k":[145.121,72.148,0],"ix":1},"s":{"a":0,"k":[100,100,100],"ix":6}},"ao":0,"shapes":[{"ty":"gr","it":[{"ind":0,"ty":"sh","ix":1,"ks":{"a":0,"k":{"i":[[71.725,8.607],[0,0],[0,0],[0,-74.006],[0,0]],"o":[[0,0],[0,0],[-71.723,8.607],[0,0],[0,-74.006]],"v":[[17.357,-71.898],[0.001,0.758],[-17.355,-71.898],[-144.871,71.898],[144.872,71.898]],"c":true},"ix":2},"nm":"ÐÐ¾Ð½ÑÑÑ 1","mn":"ADBE Vector Shape - Group","hd":false},{"ty":"fl","c":{"a":0,"k":[0.149000010771,0.219999994016,0.451000019148,1],"ix":4},"o":{"a":0,"k":100,"ix":5},"r":1,"bm":0,"nm":"ÐÐ°Ð»Ð¸Ð²ÐºÐ° 1","mn":"ADBE Vector Graphic - Fill","hd":false},{"ty":"tr","p":{"a":0,"k":[145.121,72.148],"ix":2},"a":{"a":0,"k":[0,0],"ix":1},"s":{"a":0,"k":[100,100],"ix":3},"r":{"a":0,"k":0,"ix":6},"o":{"a":0,"k":100,"ix":7},"sk":{"a":0,"k":0,"ix":4},"sa":{"a":0,"k":0,"ix":5},"nm":"ÐÑÐµÐ¾Ð±ÑÐ°Ð·Ð¾Ð²Ð°ÑÑ"}],"nm":"ÐÑÑÐ¿Ð¿Ð° 1","np":2,"cix":2,"bm":0,"ix":1,"mn":"ADBE Vector Group","hd":false}],"ip":0,"op":900,"st":0,"bm":0},{"ddd":0,"ind":2,"ty":4,"nm":"ÐÑÐ¸Ð²ÑÐµ <Ð¡Ð»Ð¾Ð¹>","sr":1,"ks":{"o":{"a":0,"k":100,"ix":11},"r":{"a":0,"k":0,"ix":10},"p":{"a":1,"k":[{"i":{"x":0.833,"y":0.833},"o":{"x":0.167,"y":0.167},"t":0,"s":[255,184,0],"to":[0,-1.667,0],"ti":[1.833,1.667,0]},{"i":{"x":0.833,"y":0.833},"o":{"x":0.167,"y":0.167},"t":7,"s":[255,174,0],"to":[-1.833,-1.667,0],"ti":[-1.5,0,0]},{"i":{"x":0.833,"y":0.833},"o":{"x":0.167,"y":0.167},"t":12,"s":[244,174,0],"to":[1.5,0,0],"ti":[0,0,0]},{"i":{"x":0.833,"y":0.833},"o":{"x":0.167,"y":0.167},"t":16,"s":[264,174,0],"to":[0,0,0],"ti":[0,0,0]},{"i":{"x":0.833,"y":0.833},"o":{"x":0.167,"y":0.167},"t":21,"s":[244,174,0],"to":[0,0,0],"ti":[-1.833,0,0]},{"i":{"x":0.833,"y":0.833},"o":{"x":0.167,"y":0.167},"t":26,"s":[264,174,0],"to":[1.833,0,0],"ti":[1.5,-1.667,0]},{"i":{"x":0.833,"y":0.833},"o":{"x":0.167,"y":0.167},"t":30,"s":[255,174,0],"to":[-1.5,1.667,0],"ti":[0,-1.667,0]},{"t":36,"s":[255,184,0]}],"ix":2},"a":{"a":0,"k":[93.504,92.663,0],"ix":1},"s":{"a":0,"k":[100,100,100],"ix":6}},"ao":0,"shapes":[{"ty":"gr","it":[{"ind":0,"ty":"sh","ix":1,"ks":{"a":0,"k":{"i":[[0,45.484],[51.423,0],[0,-51.421],[-43.146,-8.163],[0,0]],"o":[[0,-51.421],[-51.421,0],[0,45.484],[0,0],[43.146,-8.163]],"v":[[93.254,0.842],[-0.001,-92.413],[-93.254,0.842],[-17.356,92.413],[17.357,92.413]],"c":true},"ix":2},"nm":"ÐÐ¾Ð½ÑÑÑ 1","mn":"ADBE Vector Shape - Group","hd":false},{"ty":"fl","c":{"a":0,"k":[0.149000010771,0.219999994016,0.451000019148,1],"ix":4},"o":{"a":0,"k":100,"ix":5},"r":1,"bm":0,"nm":"ÐÐ°Ð»Ð¸Ð²ÐºÐ° 1","mn":"ADBE Vector Graphic - Fill","hd":false},{"ty":"tr","p":{"a":0,"k":[93.504,92.663],"ix":2},"a":{"a":0,"k":[0,0],"ix":1},"s":{"a":0,"k":[100,100],"ix":3},"r":{"a":0,"k":0,"ix":6},"o":{"a":0,"k":100,"ix":7},"sk":{"a":0,"k":0,"ix":4},"sa":{"a":0,"k":0,"ix":5},"nm":"ÐÑÐµÐ¾Ð±ÑÐ°Ð·Ð¾Ð²Ð°ÑÑ"}],"nm":"ÐÑÑÐ¿Ð¿Ð° 1","np":2,"cix":2,"bm":0,"ix":1,"mn":"ADBE Vector Group","hd":false}],"ip":0,"op":900,"st":0,"bm":0}],"markers":[]}