{
  "name": "ngo-kiosk",
  "version": "0.1.0",
  "private": true,
  "homepage": ".",
  "proxy": "http://localhost:5000",
  "dependencies": {
    "@testing-library/dom": "^10.4.0",
    "@testing-library/jest-dom": "^6.6.3",
    "@testing-library/react": "^16.3.0",
    "@testing-library/user-event": "^13.5.0",
    "ajv": "^8.17.1",
    "html5-qrcode": "^2.3.8",
    "lottie-react": "^2.4.1",
    "react": "^18.2.0",
    "react-confetti": "^6.4.0",
    "react-custom-roulette": "^1.4.1",
    "react-dom": "^18.2.0",
    "react-router-dom": "^6.0.0",
    "react-scripts": "5.0.1",
    "web-vitals": "^2.1.4"
  },
  "scripts": {
    "start": "react-scripts start",
    "backend": "cd backend && node index.js",
    "dev": "concurrently \"npm run backend\" \"npm run start\"",
    "build": "react-scripts build",
    "test": "react-scripts test",
    "eject": "react-scripts eject",
    "postbuild": "cp -r build/* backend/public/",
    "deploy": "npm run build && npm run postbuild"
  },
  "eslintConfig": {
    "extends": [
      "react-app",
      "react-app/jest"
    ]
  },
  "browserslist": {
    "production": [
      ">0.2%",
      "not dead",
      "not op_mini all"
    ],
    "development": [
      "last 1 chrome version",
      "last 1 firefox version",
      "last 1 safari version"
    ]
  },
  "devDependencies": {
    "concurrently": "^8.2.2"
  },
  "engines": {
    "node": "18.x"
  }
}
