﻿<?xml version="1.0" encoding="utf-8"?>
<deployment>
  <id>475a16e58e17c11991cd1f2b59a4d87e60701512</id>
  <author>Your Name</author>
  <deployer>ngo-kiosk-deploy</deployer>
  <authorEmail>your.email@example.com</authorEmail>
  <message>Fix responsive layout and zoom issues - full width containers and proper viewport</message>
  <progress></progress>
  <status>Success</status>
  <statusText></statusText>
  <lastSuccessEndTime>2025-07-30T14:54:17.4057981Z</lastSuccessEndTime>
  <receivedTime>2025-07-30T14:53:53.7119652Z</receivedTime>
  <startTime>2025-07-30T14:53:56.7399445Z</startTime>
  <endTime>2025-07-30T14:54:17.4057981Z</endTime>
  <complete>True</complete>
  <is_temp>False</is_temp>
  <is_readonly>False</is_readonly>
  <buildSummary />
</deployment>