﻿<?xml version="1.0" encoding="utf-8"?>
<deployment>
  <id>ff1e5175-620f-4c69-b8cf-1c2ff5d991a6</id>
  <author>N/A</author>
  <deployer>Push-Deployer</deployer>
  <authorEmail>N/A</authorEmail>
  <message>Created via a push deployment</message>
  <progress></progress>
  <status>Failed</status>
  <statusText></statusText>
  <lastSuccessEndTime />
  <receivedTime>2025-07-30T20:31:45.2594559Z</receivedTime>
  <startTime>2025-07-30T20:31:46.6297343Z</startTime>
  <endTime>2025-07-30T20:32:04.0454849Z</endTime>
  <complete>True</complete>
  <is_temp>False</is_temp>
  <is_readonly>True</is_readonly>
  <buildSummary />
</deployment>