<step title="Executing external process" date="2025-07-30T14:53:53.493" instance="4affde" type="process" path="kudu.exe" arguments="/home/site /opt/Kudu/msbuild" >
  <step title="Cleanup Xml Logs" date="2025-07-30T14:53:53.524" /><!-- duration: 6ms -->
  <step title="Deployment timer started" date="2025-07-30T14:53:53.548" >
    <step title="Executing external process" date="2025-07-30T14:53:53.565" type="process" path="git" arguments="log -n 1 master --" /><!-- duration: 42ms -->
    <step title="DeploymentManager.Deploy(id:475a16e58e17c11991cd1f2b59a4d87e60701512)" date="2025-07-30T14:53:53.614" >
      <step title="Collecting changeset information" date="2025-07-30T14:53:53.629" /><!-- duration: 159ms -->
      <step title="Updating to specific changeset" date="2025-07-30T14:53:53.797" >
        <step title="Executing external process" date="2025-07-30T14:53:54.952" type="process" path="git" arguments="checkout master --force" /><!-- duration: 1536ms -->
      </step><!-- duration: 2696ms -->
      <step title="Updating submodules" date="2025-07-30T14:53:56.500" /><!-- duration: 104ms -->
      <step title="Determining deployment builder" date="2025-07-30T14:53:56.794" >
        <step title="Builder is OryxBuilder" date="2025-07-30T14:53:56.808" /><!-- duration: 3ms -->
      </step><!-- duration: 21ms -->
      <step title="PreDeployment: context.CleanOutputPath False" date="2025-07-30T14:53:56.850" >
        <step title="PreDeployment: context.OutputPath /home/site/wwwroot" date="2025-07-30T14:53:56.991" >
          <step title="Building" date="2025-07-30T14:53:57.116" >
            <step title="Executing external process" date="2025-07-30T14:53:57.387" type="process" path="bash" arguments="-c &quot;oryx build /home/site/repository -o /home/site/wwwroot --platform nodejs --platform-version 20 -p virtualenv_name= --log-file /tmp/build-debug.log  -i /tmp/8ddcf78e8f9b13f -p compress_node_modules=tar-gz | tee /tmp/oryx-build.log ; exit $PIPESTATUS &quot;" /><!-- duration: 18276ms -->
            <step title="Using GenericDeploymentLogParser" date="2025-07-30T14:54:16.027" /><!-- duration: 3ms -->
            <step title="Triggering recycle (preview mode disabled)." date="2025-07-30T14:54:17.017" /><!-- duration: 3ms -->
            <step title="Modified file to trigger a restart of the app container." date="2025-07-30T14:54:17.045" /><!-- duration: 2ms -->
            <step title="Skip function trigger and logicapp sync because function is not enabled." date="2025-07-30T14:54:17.056" /><!-- duration: 3ms -->
          </step><!-- duration: 20580ms -->
        </step><!-- duration: 20717ms -->
        <step title="Cleaning up temp files" date="2025-07-30T14:54:17.710" /><!-- duration: 84ms -->
        <step title="Cleaning up temp files" date="2025-07-30T14:54:17.800" /><!-- duration: 705ms -->
        <step title="Reloading status file with latest updates" date="2025-07-30T14:54:18.543" >
          <step title="WebHooksManager.PublishEventAsync: PostDeployment" date="2025-07-30T14:54:18.546" /><!-- duration: 46ms -->
        </step><!-- duration: 52ms -->
        <step title="Executing external process" date="2025-07-30T14:54:18.609" type="process" path="git" arguments="log -n 1 master --" /><!-- duration: 68ms -->
      </step><!-- duration: 21830ms -->
      <step title="Perform deploy exiting successfully" date="2025-07-30T14:54:18.683" 