<step title="Incoming Request" date="2025-07-30T14:53:49.950" instance="4affde" url="/ngo-kiosk-app.git/git-receive-pack" method="POST" type="request" pid="821,1,18" Accept="application/x-git-receive-pack-result" Host="ngo-kiosk-app-fmh6acaxd4czgyh4.scm.centralus-01.azurewebsites.net" User-Agent="git/2.50.1.windows.1" Authorization="Bas..." Content-Type="application/x-git-receive-pack-request" Content-Length="4" X-ARR-LOG-ID="703230bf-dcc6-4ca2-bcc7-758368a86dc9" CLIENT-IP="173.71.126.156:59225" X-SITE-DEPLOYMENT-ID="ngo-kiosk-app" WAS-DEFAULT-HOSTNAME="ngo-kiosk-app-fmh6acaxd4czgyh4.scm.centralus-01.azurewebsites.net" X-Forwarded-Proto="https" X-AppService-Proto="https" X-Forwarded-TlsVersion="1.3" X-WAWS-Unencoded-URL="/ngo-kiosk-app.git/git-receive-pack" X-Client-IP="173.71.126.156" X-Client-Port="59225" >
  <step title="RpcService.ReceivePack" date="2025-07-30T14:53:49.963" >
    <step title="Executing external process" date="2025-07-30T14:53:49.971" type="process" path="git" arguments="rev-parse --git-dir" /><!-- duration: 21ms -->
    <step title="Assuming git repository at /home/site/repository" date="2025-07-30T14:53:49.996" /><!-- duration: 3ms -->
    <step title="Acquiring Deployment Lock" date="2025-07-30T14:53:50.005" /><!-- duration: 3ms -->
    <step title="Acquired Deployment Lock" date="2025-07-30T14:53:50.044" /><!-- duration: 3ms -->
    <step title="Creating temporary deployment" date="2025-07-30T14:53:50.050" /><!-- duration: 78ms -->
    <step title="GitExeServer.Receive" date="2025-07-30T14:53:50.131" >
      <step title="Executing external process" date="2025-07-30T14:53:50.134" type="process" path="git" arguments="receive-pack --stateless-rpc &quot;/home/site/repository&quot;" /><!-- duration: 11ms -->
    </step><!-- duration: 17ms -->
    <step title="Releasing Deployment Lock" date="2025-07-30T14:53:50.212" /><!-- duration: 3ms -->
  </step><!-- duration: 262ms -->
  <step title="Outgoing response" date="2025-07-30T14:53:50.229" type="response" statusCode="200" statusText="OK" /><!-- duration: 3ms -->
</step><!-- duration: 284ms -->
