<step title="Incoming Request" date="2025-07-30T14:53:50.379" instance="4affde" url="/ngo-kiosk-app.git/git-receive-pack" method="POST" type="request" pid="821,1,15" Accept="application/x-git-receive-pack-result" Host="ngo-kiosk-app-fmh6acaxd4czgyh4.scm.centralus-01.azurewebsites.net" User-Agent="git/2.50.1.windows.1" Accept-Encoding="deflate, gzip, br, zstd" Authorization="Bas..." Content-Type="application/x-git-receive-pack-request" Transfer-Encoding="chunked" X-ARR-LOG-ID="515257fe-214c-4c97-b8b1-856f03503926" CLIENT-IP="173.71.126.156:59225" X-SITE-DEPLOYMENT-ID="ngo-kiosk-app" WAS-DEFAULT-HOSTNAME="ngo-kiosk-app-fmh6acaxd4czgyh4.scm.centralus-01.azurewebsites.net" X-Forwarded-Proto="https" X-AppService-Proto="https" X-Forwarded-TlsVersion="1.3" X-WAWS-Unencoded-URL="/ngo-kiosk-app.git/git-receive-pack" X-Client-IP="173.71.126.156" X-Client-Port="59225" >
  <step title="RpcService.ReceivePack" date="2025-07-30T14:53:50.393" >
    <step title="Executing external process" date="2025-07-30T14:53:50.399" type="process" path="git" arguments="rev-parse --git-dir" /><!-- duration: 8ms -->
    <step title="Assuming git repository at /home/site/repository" date="2025-07-30T14:53:50.409" /><!-- duration: 2ms -->
    <step title="Acquiring Deployment Lock" date="2025-07-30T14:53:50.417" /><!-- duration: 2ms -->
    <step title="Acquired Deployment Lock" date="2025-07-30T14:53:50.442" /><!-- duration: 3ms -->
    <step title="Creating temporary deployment" date="2025-07-30T14:53:50.448" /><!-- duration: 60ms -->
    <step title="GitExeServer.Receive" date="2025-07-30T14:53:50.511" >
      <step title="Executing external process" date="2025-07-30T14:53:50.514" type="process" path="git" arguments="receive-pack --stateless-rpc &quot;/home/site/repository&quot;" /><!-- duration: 28268ms -->
    </step><!-- duration: 28277ms -->
    <step title="Releasing Deployment Lock" date="2025-07-30T14:54:18.860" /><!-- duration: 3ms -->
  </step><!-- duration: 28481ms -->
  <step title="Outgoing response" date="2025-07-30T14:54:18.877" type="response" statusCode="200" statusText="OK" /><!-- duration: 3ms -->
</step><!-- duration: 28504ms -->
