<step title="BackgroundTrace" date="2025-07-30T20:31:41.265" instance="54c06d" url="/api/zipdeploy" method="POST" >
  <step title="Creating temporary deployment - FetchDeploymentManager" date="2025-07-30T20:31:41.335" /><!-- duration: 4ms -->
  <step title="Creating temporary deployment" date="2025-07-30T20:31:41.343" /><!-- duration: 56ms -->
  <step title="Performing fetch based deployment" date="2025-07-30T20:31:41.428" >
    <step title="Cleaning up temp folders from previous zip deployments and extracting pushed zip file /tmp/zipdeploy/d8c0aa01-9c71-4db8-9cfb-c9b5227c936b.zip (10.47 MB) to /tmp/zipdeploy/extracted" date="2025-07-30T20:31:42.589" >
      <step title="ChmodRecursive Process exited with total time taken in ms: 266" date="2025-07-30T20:31:42.956" /><!-- duration: 4ms -->
    </step><!-- duration: 375ms -->
    <step title="Deployment timer started" date="2025-07-30T20:31:44.975" >
      <step title="DeploymentManager.Deploy(id:ff1e5175-620f-4c69-b8cf-1c2ff5d991a6)" date="2025-07-30T20:31:44.981" >
        <step title="Collecting changeset information" date="2025-07-30T20:31:45.003" /><!-- duration: 342ms -->
        <step title="Updating submodules" date="2025-07-30T20:31:45.355" /><!-- duration: 1128ms -->
        <step title="Determining deployment builder" date="2025-07-30T20:31:46.705" >
          <step title="Builder is OryxBuilder" date="2025-07-30T20:31:46.721" /><!-- duration: 4ms -->
        </step><!-- duration: 24ms -->
        <step title="PreDeployment: context.CleanOutputPath False" date="2025-07-30T20:31:46.777" >
          <step title="PreDeployment: context.OutputPath /home/site/wwwroot" date="2025-07-30T20:31:46.889" >
            <step title="Building" date="2025-07-30T20:31:47.030" >
              <step title="Executing external process" date="2025-07-30T20:31:47.297" type="process" path="bash" arguments="-c &quot;oryx build /tmp/zipdeploy/extracted -o /home/site/wwwroot --platform nodejs --platform-version 20 -p virtualenv_name= --log-file /tmp/build-debug.log  -i /tmp/8ddcfa81ac93b76 -p compress_node_modules=tar-gz | tee /tmp/oryx-build.log ; exit $PIPESTATUS &quot;" >
                <step title="Process dump" date="2025-07-30T20:32:02.770" exitCode="23" type="processOutput" /><!-- duration: 14ms -->
              </step><!-- duration: 15521ms -->
              <step title="Error occurred" date="2025-07-30T20:32:02.859" type="error" text="npm warn EBADENGINE Unsupported engine {
npm warn EBADENGINE   package: &apos;ngo-kiosk-backend@1.0.0&apos;,
npm warn EBADENGINE   required: { node: &apos;18.x&apos; },
npm warn EBADENGINE   current: { node: &apos;v20.19.3&apos;, npm: &apos;10.8.2&apos; }
npm warn EBADENGINE }
npm warn deprecated multer@1.4.5-lts.2: Multer 1.x is impacted by a number of vulnerabilities, which have been patched in 2.x. You should upgrade to the latest 2.x version.
rsync: [generator] recv_generator: mkdir &quot;/home/site/wwwroot/public\static\&quot; failed: Invalid argument (22)
*** Skipping any contents from this failed directory ***
rsync: [receiver] mkstemp &quot;/home/site/wwwroot/.ebextensions\environment.config.K06gdk&quot; failed: Invalid argument (22)
rsync: [receiver] mkstemp &quot;/home/site/wwwroot/.public\81tJnr3gLaL._AC_UF1000,1000_QL80_.jpg.INQoPJ&quot; failed: Invalid argument (22)
rsync: [receiver] mkstemp &quot;/home/site/wwwroot/.public\NGO.png.gMYEI9&quot; failed: Invalid argument (22)
rsync: [receiver] mkstemp &quot;/home/site/wwwroot/.public\NGO1.png.j3eTIa&quot; failed: Invalid argument (22)
rsync: [receiver] mkstemp &quot;/home/site/wwwroot/.public\PITS-removebg-preview.png.BwPsv7&quot; failed: Invalid argument (22)
rsync: [receiver] mkstemp &quot;/home/site/wwwroot/.public\PITS.jpg.eU6YZf&quot; failed: Invalid argument (22)
rsync: [receiver] mkstemp &quot;/home/site/wwwroot/.public\PITS.svg.1ldgR7&quot; failed: Invalid argument (22)
rsync: [receiver] mkstemp &quot;/home/site/wwwroot/.public\asset-manifest.json.KbkQaf&quot; failed: Invalid argument (22)
rsync: [receiver] mkstemp &quot;/home/site/wwwroot/.public\blank-banner-ganesha-3d-dark-background-diwali_125540-3609.avif.3WgGNu&quot; failed: Invalid argument (22)
rsync: [receiver] mkstemp &quot;/home/site/wwwroot/.public\cartoon-illustration-people-with-peace-sign-peace-sign_1108514-85068.avif.gOtsH0&quot; failed: Invalid argument (22)
rsync: [receiver] mkstemp &quot;/home/site/wwwroot/.public\favicon.ico.hfgeE5&quot; failed: Invalid argument (22)
rsync: [receiver] mkstemp &quot;/home/site/wwwroot/.public\index.html.wJ2zIO&quot; failed: Invalid argument (22)
rsync: [receiver] mkstemp &quot;/home/site/wwwroot/.public\logo192.png.ZLP8n7&quot; failed: Invalid argument (22)
rsync: [receiver] mkstemp &quot;/home/site/wwwroot/.public\logo512.png.i7H1mV&quot; failed: Invalid argument (22)
rsync: [receiver] mkstemp &quot;/home/site/wwwroot/.public\manifest.json.9ouTfW&quot; failed: Invalid argument (22)
rsync: [receiver] mkstemp &quot;/home/site/wwwroot/.public\robots.txt.nfsN2P&quot; failed: Invalid argument (22)
rsync: [receiver] mkstemp &quot;/home/site/wwwroot/.public\sai baba.png.ov6VTp&quot; failed: Invalid argument (22)
rsync: [receiver] mkstemp &quot;/home/site/wwwroot/.public\sai-baba.png.h803cj&quot; failed: Invalid argument (22)
rsync: [receiver] mkstemp &quot;/home/site/wwwroot/.public\static\css\main.da0229cc.css.9n68fT&quot; failed: Invalid argument (22)
rsync: [receiver] mkstemp &quot;/home/site/wwwroot/.public\static\css\main.da0229cc.css.map.HKG9xF&quot; failed: Invalid argument (22)
rsync: [receiver] mkstemp &quot;/home/site/wwwroot/.public\static\js\453.1dad9259.chunk.js.U87m33&quot; failed: Invalid argument (22)
rsync: [receiver] mkstemp &quot;/home/site/wwwroot/.public\static\js\453.1dad9259.chunk.js.map.IVARAI&quot; failed: Invalid argument (22)
rsync: [receiver] mkstemp &quot;/home/site/wwwroot/.public\static\js\main.6f005a97.js.HBx8G2&quot; failed: Invalid argument (22)
rsync: [receiver] mkstemp &quot;/home/site/wwwroot/.public\static\js\main.6f005a97.js.LICENSE.txt.KnR3Xu&quot; failed: Invalid argument (22)
rsync: [receiver] mkstemp &quot;/home/site/wwwroot/.public\static\js\main.6f005a97.js.map.q1g4Ow&quot; failed: Invalid argument (22)
rsync: [receiver] mkstemp &quot;/home/site/wwwroot/.public\static\js\main.db8aa659.js.oz9XCs&quot; failed: Invalid argument (22)
rsync: [receiver] mkstemp &quot;/home/site/wwwroot/.public\static\js\main.db8aa659.js.LICENSE.txt.1metv3&quot; failed: Invalid argument (22)
rsync: [receiver] mkstemp &quot;/home/site/wwwroot/.public\static\js\main.db8aa659.js.map.SozIo4&quot; failed: Invalid argument (22)
rsync: [receiver] mkstemp &quot;/home/site/wwwroot/.uploads\1751406110902-blank-banner-ganesha-3d-dark-background-diwali_125540-3609 (1).avif.5jV8x5&quot; failed: Invalid argument (22)
rsync: [receiver] mkstemp &quot;/home/site/wwwroot/.uploads\1751406949461-blank-banner-ganesha-3d-dark-background-diwali_125540-3609 (1).avif.d4Xqa7&quot; failed: Invalid argument (22)
rsync: [receiver] mkstemp &quot;/home/site/wwwroot/.uploads\1751543135272-wp5884514.jpg.iFt0Zs&quot; failed: Invalid argument (22)
rsync: [receiver] mkstemp &quot;/home/site/wwwroot/.uploads\1751897829598-wp5884514.jpg.KQluv2&quot; failed: Invalid argument (22)
rsync: [receiver] mkstemp &quot;/home/site/wwwroot/.uploads\1751909564351-cartoon-illustration-people-with-peace-sign-peace-sign_1108514-85068 (1).avif.YaFBEk&quot; failed: Invalid argument (22)
rsync: [receiver] mkstemp &quot;/home/site/wwwroot/.uploads\1753104511587-wp5884514.jpg.4GQBFB&quot; failed: Invalid argument (22)
rsync: [receiver] mkstemp &quot;/home/site/wwwroot/.uploads\1753112056363-blank-banner-ganesha-3d-dark-background-diwali_125540-3609 (1).avif.jFJARo&quot; failed: Invalid argument (22)
rsync: [receiver] mkstemp &quot;/home/site/wwwroot/.uploads\1753113239524-wp5884514.jpg.5LygEI&quot; failed: Invalid argument (22)
rsync: [receiver] mkstemp &quot;/home/site/wwwroot/.uploads\1753118447580-wp5884514.jpg.B5mk9F&quot; failed: Invalid argument (22)
rsync: [receiver] mkstemp &quot;/home/site/wwwroot/.uploads\1753121598693-wp5884514.jpg.FtfxPq&quot; failed: Invalid argument (22)
rsync: [receiver] mkstemp &quot;/home/site/wwwroot/.uploads\1753284688511-wp5884514.jpg.y4VTQb&quot; failed: Invalid argument (22)
rsync: [receiver] mkstemp &quot;/home/site/wwwroot/.uploads\1753803884793-wp5884514.jpg.r5uFhO&quot; failed: Invalid argument (22)
rsync error: some files/attrs were not transferred (see previous errors) (code 23) at main.c(1338) [sender=3.2.7]
/bin/bash -c &quot;oryx build /tmp/zipdeploy/extracted -o /home/site/wwwroot --platform nodejs --platform-version 20 -p virtualenv_name= --log-file /tmp/build-debug.log  -i /tmp/8ddcfa81ac93b76 -p compress_node_modules=tar-gz | tee /tmp/oryx-build.log ; exit $PIPESTATUS &quot;" stackTrace="   at Kudu.Core.Infrastructure.Executable.ExecuteInternal(ITracer tracer, Func`2 onWriteOutput, Func`2 onWriteError, CancellationToken token, Encoding encoding, String arguments, Object[] args) in /tmp/KuduLite/Kudu.Core/Infrastructure/Executable.cs:line 239
   at Kudu.Core.Infrastructure.Executable.ExecuteWithProgressWriter(ILogger logger, ITracer tracer, CancellationToken token, String arguments, Object[] args) in /tmp/KuduLite/Kudu.Core/Infrastructure/Executable.cs:line 118
   at Kudu.Core.Deployment.Generator.ExternalCommandBuilder.RunCommand(DeploymentContext context, String command, Boolean ignoreManifest, CancellationToken token, String message) in /tmp/KuduLite/Kudu.Core/Deployment/Generator/ExternalCommandBuilder.cs:line 122" /><!-- duration: 6ms -->
              <step title="Error occurred" date="2025-07-30T20:32:02.904" type="error" text="npm warn EBADENGINE Unsupported engine {
npm warn EBADENGINE   package: &apos;ngo-kiosk-backend@1.0.0&apos;,
npm warn EBADENGINE   required: { node: &apos;18.x&apos; },
npm warn EBADENGINE   current: { node: &apos;v20.19.3&apos;, npm: &apos;10.8.2&apos; }
npm warn EBADENGINE }
npm warn deprecated multer@1.4.5-lts.2: Multer 1.x is impacted by a number of vulnerabilities, which have been patched in 2.x. You should upgrade to the latest 2.x version.
rsync: [generator] recv_generator: mkdir &quot;/home/site/wwwroot/public\static\&quot; failed: Invalid argument (22)
*** Skipping any contents from this failed directory ***
rsync: [receiver] mkstemp &quot;/home/site/wwwroot/.ebextensions\environment.config.K06gdk&quot; failed: Invalid argument (22)
rsync: [receiver] mkstemp &quot;/home/site/wwwroot/.public\81tJnr3gLaL._AC_UF1000,1000_QL80_.jpg.INQoPJ&quot; failed: Invalid argument (22)
rsync: [receiver] mkstemp &quot;/home/site/wwwroot/.public\NGO.png.gMYEI9&quot; failed: Invalid argument (22)
rsync: [receiver] mkstemp &quot;/home/site/wwwroot/.public\NGO1.png.j3eTIa&quot; failed: Invalid argument (22)
rsync: [receiver] mkstemp &quot;/home/site/wwwroot/.public\PITS-removebg-preview.png.BwPsv7&quot; failed: Invalid argument (22)
rsync: [receiver] mkstemp &quot;/home/site/wwwroot/.public\PITS.jpg.eU6YZf&quot; failed: Invalid argument (22)
rsync: [receiver] mkstemp &quot;/home/site/wwwroot/.public\PITS.svg.1ldgR7&quot; failed: Invalid argument (22)
rsync: [receiver] mkstemp &quot;/home/site/wwwroot/.public\asset-manifest.json.KbkQaf&quot; failed: Invalid argument (22)
rsync: [receiver] mkstemp &quot;/home/site/wwwroot/.public\blank-banner-ganesha-3d-dark-background-diwali_125540-3609.avif.3WgGNu&quot; failed: Invalid argument (22)
rsync: [receiver] mkstemp &quot;/home/site/wwwroot/.public\cartoon-illustration-people-with-peace-sign-peace-sign_1108514-85068.avif.gOtsH0&quot; failed: Invalid argument (22)
rsync: [receiver] mkstemp &quot;/home/site/wwwroot/.public\favicon.ico.hfgeE5&quot; failed: Invalid argument (22)
rsync: [receiver] mkstemp &quot;/home/site/wwwroot/.public\index.html.wJ2zIO&quot; failed: Invalid argument (22)
rsync: [receiver] mkstemp &quot;/home/site/wwwroot/.public\logo192.png.ZLP8n7&quot; failed: Invalid argument (22)
rsync: [receiver] mkstemp &quot;/home/site/wwwroot/.public\logo512.png.i7H1mV&quot; failed: Invalid argument (22)
rsync: [receiver] mkstemp &quot;/home/site/wwwroot/.public\manifest.json.9ouTfW&quot; failed: Invalid argument (22)
rsync: [receiver] mkstemp &quot;/home/site/wwwroot/.public\robots.txt.nfsN2P&quot; failed: Invalid argument (22)
rsync: [receiver] mkstemp &quot;/home/site/wwwroot/.public\sai baba.png.ov6VTp&quot; failed: Invalid argument (22)
rsync: [receiver] mkstemp &quot;/home/site/wwwroot/.public\sai-baba.png.h803cj&quot; failed: Invalid argument (22)
rsync: [receiver] mkstemp &quot;/home/site/wwwroot/.public\static\css\main.da0229cc.css.9n68fT&quot; failed: Invalid argument (22)
rsync: [receiver] mkstemp &quot;/home/site/wwwroot/.public\static\css\main.da0229cc.css.map.HKG9xF&quot; failed: Invalid argument (22)
rsync: [receiver] mkstemp &quot;/home/site/wwwroot/.public\static\js\453.1dad9259.chunk.js.U87m33&quot; failed: Invalid argument (22)
rsync: [receiver] mkstemp &quot;/home/site/wwwroot/.public\static\js\453.1dad9259.chunk.js.map.IVARAI&quot; failed: Invalid argument (22)
rsync: [receiver] mkstemp &quot;/home/site/wwwroot/.public\static\js\main.6f005a97.js.HBx8G2&quot; failed: Invalid argument (22)
rsync: [receiver] mkstemp &quot;/home/site/wwwroot/.public\static\js\main.6f005a97.js.LICENSE.txt.KnR3Xu&quot; failed: Invalid argument (22)
rsync: [receiver] mkstemp &quot;/home/site/wwwroot/.public\static\js\main.6f005a97.js.map.q1g4Ow&quot; failed: Invalid argument (22)
rsync: [receiver] mkstemp &quot;/home/site/wwwroot/.public\static\js\main.db8aa659.js.oz9XCs&quot; failed: Invalid argument (22)
rsync: [receiver] mkstemp &quot;/home/site/wwwroot/.public\static\js\main.db8aa659.js.LICENSE.txt.1metv3&quot; failed: Invalid argument (22)
rsync: [receiver] mkstemp &quot;/home/site/wwwroot/.public\static\js\main.db8aa659.js.map.SozIo4&quot; failed: Invalid argument (22)
rsync: [receiver] mkstemp &quot;/home/site/wwwroot/.uploads\1751406110902-blank-banner-ganesha-3d-dark-background-diwali_125540-3609 (1).avif.5jV8x5&quot; failed: Invalid argument (22)
rsync: [receiver] mkstemp &quot;/home/site/wwwroot/.uploads\1751406949461-blank-banner-ganesha-3d-dark-background-diwali_125540-3609 (1).avif.d4Xqa7&quot; failed: Invalid argument (22)
rsync: [receiver] mkstemp &quot;/home/site/wwwroot/.uploads\1751543135272-wp5884514.jpg.iFt0Zs&quot; failed: Invalid argument (22)
rsync: [receiver] mkstemp &quot;/home/site/wwwroot/.uploads\1751897829598-wp5884514.jpg.KQluv2&quot; failed: Invalid argument (22)
rsync: [receiver] mkstemp &quot;/home/site/wwwroot/.uploads\1751909564351-cartoon-illustration-people-with-peace-sign-peace-sign_1108514-85068 (1).avif.YaFBEk&quot; failed: Invalid argument (22)
rsync: [receiver] mkstemp &quot;/home/site/wwwroot/.uploads\1753104511587-wp5884514.jpg.4GQBFB&quot; failed: Invalid argument (22)
rsync: [receiver] mkstemp &quot;/home/site/wwwroot/.uploads\1753112056363-blank-banner-ganesha-3d-dark-background-diwali_125540-3609 (1).avif.jFJARo&quot; failed: Invalid argument (22)
rsync: [receiver] mkstemp &quot;/home/site/wwwroot/.uploads\1753113239524-wp5884514.jpg.5LygEI&quot; failed: Invalid argument (22)
rsync: [receiver] mkstemp &quot;/home/site/wwwroot/.uploads\1753118447580-wp5884514.jpg.B5mk9F&quot; failed: Invalid argument (22)
rsync: [receiver] mkstemp &quot;/home/site/wwwroot/.uploads\1753121598693-wp5884514.jpg.FtfxPq&quot; failed: Invalid argument (22)
rsync: [receiver] mkstemp &quot;/home/site/wwwroot/.uploads\1753284688511-wp5884514.jpg.y4VTQb&quot; failed: Invalid argument (22)
rsync: [receiver] mkstemp &quot;/home/site/wwwroot/.uploads\1753803884793-wp5884514.jpg.r5uFhO&quot; failed: Invalid argument (22)
rsync error: some files/attrs were not transferred (see previous errors) (code 23) at main.c(1338) [sender=3.2.7]
/bin/bash -c &quot;oryx build /tmp/zipdeploy/extracted -o /home/site/wwwroot --platform nodejs --platform-version 20 -p virtualenv_name= --log-file /tmp/build-debug.log  -i /tmp/8ddcfa81ac93b76 -p compress_node_modules=tar-gz | tee /tmp/oryx-build.log ; exit $PIPESTATUS &quot;" stackTrace="   at Kudu.Core.Infrastructure.Executable.ExecuteInternal(ITracer tracer, Func`2 onWriteOutput, Func`2 onWriteError, CancellationToken token, Encoding encoding, String arguments, Object[] args) in /tmp/KuduLite/Kudu.Core/Infrastructure/Executable.cs:line 239
   at Kudu.Core.Infrastructure.Executable.ExecuteWithProgressWriter(ILogger logger, ITracer tracer, CancellationToken token, String arguments, Object[] args) in /tmp/KuduLite/Kudu.Core/Infrastructure/Executable.cs:line 118
   at Kudu.Core.Deployment.Generator.ExternalCommandBuilder.RunCommand(DeploymentContext context, String command, Boolean ignoreManifest, CancellationToken token, String message) in /tmp/KuduLite/Kudu.Core/Deployment/Generator/ExternalCommandBuilder.cs:line 122
   at Kudu.Core.Deployment.Generator.OryxBuilder.RunBuildCommand(IOryxArguments args, DeploymentContext context, CancellationToken token) in /tmp/KuduLite/Kudu.Core/Deployment/Generator/OryxBuilder.cs:line 282
   at Kudu.Core.Deployment.Generator.OryxBuilder.Build(DeploymentContext context, CancellationToken token) in /tmp/KuduLite/Kudu.Core/Deployment/Generator/OryxBuilder.cs:line 123
   at Kudu.Core.Deployment.DeploymentManager.Build(ChangeSet changeSet, ITracer tracer, IDisposable deployStep, IRepository repository, DeploymentInfoBase deploymentInfo, DeploymentAnalytics deploymentAnalytics, Boolean fullBuildByDefault, CancellationToken cancellationToken) in /tmp/KuduLite/Kudu.Core/Deployment/DeploymentManager.cs:line 771" /><!-- duration: 3ms -->
              <step title="Using GenericDeploymentLogParser" date="2025-07-30T20:32:03.165" /><!-- duration: 3ms -->
            </step><!-- duration: 17286ms -->
          </step><!-- duration: 17435ms -->
          <step title="Error occurred" date="2025-07-30T20:32:04.327" type="error" text="npm warn EBADENGINE Unsupported engine {
npm warn EBADENGINE   package: &apos;ngo-kiosk-backend@1.0.0&apos;,
npm warn EBADENGINE   required: { node: &apos;18.x&apos; },
npm warn EBADENGINE   current: { node: &apos;v20.19.3&apos;, npm: &apos;10.8.2&apos; }
npm warn EBADENGINE }
npm warn deprecated multer@1.4.5-lts.2: Multer 1.x is impacted by a number of vulnerabilities, which have been patched in 2.x. You should upgrade to the latest 2.x version.
rsync: [generator] recv_generator: mkdir &quot;/home/site/wwwroot/public\static\&quot; failed: Invalid argument (22)
*** Skipping any contents from this failed directory ***
rsync: [receiver] mkstemp &quot;/home/site/wwwroot/.ebextensions\environment.config.K06gdk&quot; failed: Invalid argument (22)
rsync: [receiver] mkstemp &quot;/home/site/wwwroot/.public\81tJnr3gLaL._AC_UF1000,1000_QL80_.jpg.INQoPJ&quot; failed: Invalid argument (22)
rsync: [receiver] mkstemp &quot;/home/site/wwwroot/.public\NGO.png.gMYEI9&quot; failed: Invalid argument (22)
rsync: [receiver] mkstemp &quot;/home/site/wwwroot/.public\NGO1.png.j3eTIa&quot; failed: Invalid argument (22)
rsync: [receiver] mkstemp &quot;/home/site/wwwroot/.public\PITS-removebg-preview.png.BwPsv7&quot; failed: Invalid argument (22)
rsync: [receiver] mkstemp &quot;/home/site/wwwroot/.public\PITS.jpg.eU6YZf&quot; failed: Invalid argument (22)
rsync: [receiver] mkstemp &quot;/home/site/wwwroot/.public\PITS.svg.1ldgR7&quot; failed: Invalid argument (22)
rsync: [receiver] mkstemp &quot;/home/site/wwwroot/.public\asset-manifest.json.KbkQaf&quot; failed: Invalid argument (22)
rsync: [receiver] mkstemp &quot;/home/site/wwwroot/.public\blank-banner-ganesha-3d-dark-background-diwali_125540-3609.avif.3WgGNu&quot; failed: Invalid argument (22)
rsync: [receiver] mkstemp &quot;/home/site/wwwroot/.public\cartoon-illustration-people-with-peace-sign-peace-sign_1108514-85068.avif.gOtsH0&quot; failed: Invalid argument (22)
rsync: [receiver] mkstemp &quot;/home/site/wwwroot/.public\favicon.ico.hfgeE5&quot; failed: Invalid argument (22)
rsync: [receiver] mkstemp &quot;/home/site/wwwroot/.public\index.html.wJ2zIO&quot; failed: Invalid argument (22)
rsync: [receiver] mkstemp &quot;/home/site/wwwroot/.public\logo192.png.ZLP8n7&quot; failed: Invalid argument (22)
rsync: [receiver] mkstemp &quot;/home/site/wwwroot/.public\logo512.png.i7H1mV&quot; failed: Invalid argument (22)
rsync: [receiver] mkstemp &quot;/home/site/wwwroot/.public\manifest.json.9ouTfW&quot; failed: Invalid argument (22)
rsync: [receiver] mkstemp &quot;/home/site/wwwroot/.public\robots.txt.nfsN2P&quot; failed: Invalid argument (22)
rsync: [receiver] mkstemp &quot;/home/site/wwwroot/.public\sai baba.png.ov6VTp&quot; failed: Invalid argument (22)
rsync: [receiver] mkstemp &quot;/home/site/wwwroot/.public\sai-baba.png.h803cj&quot; failed: Invalid argument (22)
rsync: [receiver] mkstemp &quot;/home/site/wwwroot/.public\static\css\main.da0229cc.css.9n68fT&quot; failed: Invalid argument (22)
rsync: [receiver] mkstemp &quot;/home/site/wwwroot/.public\static\css\main.da0229cc.css.map.HKG9xF&quot; failed: Invalid argument (22)
rsync: [receiver] mkstemp &quot;/home/site/wwwroot/.public\static\js\453.1dad9259.chunk.js.U87m33&quot; failed: Invalid argument (22)
rsync: [receiver] mkstemp &quot;/home/site/wwwroot/.public\static\js\453.1dad9259.chunk.js.map.IVARAI&quot; failed: Invalid argument (22)
rsync: [receiver] mkstemp &quot;/home/site/wwwroot/.public\static\js\main.6f005a97.js.HBx8G2&quot; failed: Invalid argument (22)
rsync: [receiver] mkstemp &quot;/home/site/wwwroot/.public\static\js\main.6f005a97.js.LICENSE.txt.KnR3Xu&quot; failed: Invalid argument (22)
rsync: [receiver] mkstemp &quot;/home/site/wwwroot/.public\static\js\main.6f005a97.js.map.q1g4Ow&quot; failed: Invalid argument (22)
rsync: [receiver] mkstemp &quot;/home/site/wwwroot/.public\static\js\main.db8aa659.js.oz9XCs&quot; failed: Invalid argument (22)
rsync: [receiver] mkstemp &quot;/home/site/wwwroot/.public\static\js\main.db8aa659.js.LICENSE.txt.1metv3&quot; failed: Invalid argument (22)
rsync: [receiver] mkstemp &quot;/home/site/wwwroot/.public\static\js\main.db8aa659.js.map.SozIo4&quot; failed: Invalid argument (22)
rsync: [receiver] mkstemp &quot;/home/site/wwwroot/.uploads\1751406110902-blank-banner-ganesha-3d-dark-background-diwali_125540-3609 (1).avif.5jV8x5&quot; failed: Invalid argument (22)
rsync: [receiver] mkstemp &quot;/home/site/wwwroot/.uploads\1751406949461-blank-banner-ganesha-3d-dark-background-diwali_125540-3609 (1).avif.d4Xqa7&quot; failed: Invalid argument (22)
rsync: [receiver] mkstemp &quot;/home/site/wwwroot/.uploads\1751543135272-wp5884514.jpg.iFt0Zs&quot; failed: Invalid argument (22)
rsync: [receiver] mkstemp &quot;/home/site/wwwroot/.uploads\1751897829598-wp5884514.jpg.KQluv2&quot; failed: Invalid argument (22)
rsync: [receiver] mkstemp &quot;/home/site/wwwroot/.uploads\1751909564351-cartoon-illustration-people-with-peace-sign-peace-sign_1108514-85068 (1).avif.YaFBEk&quot; failed: Invalid argument (22)
rsync: [receiver] mkstemp &quot;/home/site/wwwroot/.uploads\1753104511587-wp5884514.jpg.4GQBFB&quot; failed: Invalid argument (22)
rsync: [receiver] mkstemp &quot;/home/site/wwwroot/.uploads\1753112056363-blank-banner-ganesha-3d-dark-background-diwali_125540-3609 (1).avif.jFJARo&quot; failed: Invalid argument (22)
rsync: [receiver] mkstemp &quot;/home/site/wwwroot/.uploads\1753113239524-wp5884514.jpg.5LygEI&quot; failed: Invalid argument (22)
rsync: [receiver] mkstemp &quot;/home/site/wwwroot/.uploads\1753118447580-wp5884514.jpg.B5mk9F&quot; failed: Invalid argument (22)
rsync: [receiver] mkstemp &quot;/home/site/wwwroot/.uploads\1753121598693-wp5884514.jpg.FtfxPq&quot; failed: Invalid argument (22)
rsync: [receiver] mkstemp &quot;/home/site/wwwroot/.uploads\1753284688511-wp5884514.jpg.y4VTQb&quot; failed: Invalid argument (22)
rsync: [receiver] mkstemp &quot;/home/site/wwwroot/.uploads\1753803884793-wp5884514.jpg.r5uFhO&quot; failed: Invalid argument (22)
rsync error: some files/attrs were not transferred (see previous errors) (code 23) at main.c(1338) [sender=3.2.7]
/bin/bash -c &quot;oryx build /tmp/zipdeploy/extracted -o /home/site/wwwroot --platform nodejs --platform-version 20 -p virtualenv_name= --log-file /tmp/build-debug.log  -i /tmp/8ddcfa81ac93b76 -p compress_node_modules=tar-gz | tee /tmp/oryx-build.log ; exit $PIPESTATUS &quot;" stackTrace="   at Kudu.Core.Infrastructure.Executable.ExecuteInternal(ITracer tracer, Func`2 onWriteOutput, Func`2 onWriteError, CancellationToken token, Encoding encoding, String arguments, Object[] args) in /tmp/KuduLite/Kudu.Core/Infrastructure/Executable.cs:line 239
   at Kudu.Core.Infrastructure.Executable.ExecuteWithProgressWriter(ILogger logger, ITracer tracer, CancellationToken token, String arguments, Object[] args) in /tmp/KuduLite/Kudu.Core/Infrastructure/Executable.cs:line 118
   at Kudu.Core.Deployment.Generator.ExternalCommandBuilder.RunCommand(DeploymentContext context, String command, Boolean ignoreManifest, CancellationToken token, String message) in /tmp/KuduLite/Kudu.Core/Deployment/Generator/ExternalCommandBuilder.cs:line 122
   at Kudu.Core.Deployment.Generator.OryxBuilder.RunBuildCommand(IOryxArguments args, DeploymentContext context, CancellationToken token) in /tmp/KuduLite/Kudu.Core/Deployment/Generator/OryxBuilder.cs:line 282
   at Kudu.Core.Deployment.Generator.OryxBuilder.Build(DeploymentContext context, CancellationToken token) in /tmp/KuduLite/Kudu.Core/Deployment/Generator/OryxBuilder.cs:line 123
   at Kudu.Core.Deployment.DeploymentManager.Build(ChangeSet changeSet, ITracer tracer, IDisposable deployStep, IRepository repository, DeploymentInfoBase deploymentInfo, DeploymentAnalytics deploymentAnalytics, Boolean fullBuildByDefault, CancellationToken cancellationToken) in /tmp/KuduLite/Kudu.Core/Deployment/DeploymentManager.cs:line 771
   at Kudu.Core.Deployment.DeploymentManager.Build(ChangeSet changeSet, ITracer tracer, IDisposable deployStep, IRepository repository, DeploymentInfoBase deploymentInfo, DeploymentAnalytics deploymentAnalytics, Boolean fullBuildByDefault, CancellationToken cancellationToken) in /tmp/KuduLite/Kudu.Core/Deployment/DeploymentManager.cs:line 840" /><!-- duration: 3ms -->
          <step title="Cleaning up temp files" date="2025-07-30T20:32:04.378" /><!-- duration: 90ms -->
          <step title="Cleaning up temp files" date="2025-07-30T20:32:04.470" /><!-- duration: 508ms -->
          <step title="Error occurred" date="2025-07-30T20:32:05.001" type="error" text="npm warn EBADENGINE Unsupported engine {
npm warn EBADENGINE   package: &apos;ngo-kiosk-backend@1.0.0&apos;,
npm warn EBADENGINE   required: { node: &apos;18.x&apos; },
npm warn EBADENGINE   current: { node: &apos;v20.19.3&apos;, npm: &apos;10.8.2&apos; }
npm warn EBADENGINE }
npm warn deprecated multer@1.4.5-lts.2: Multer 1.x is impacted by a number of vulnerabilities, which have been patched in 2.x. You should upgrade to the latest 2.x version.
rsync: [generator] recv_generator: mkdir &quot;/home/site/wwwroot/public\static\&quot; failed: Invalid argument (22)
*** Skipping any contents from this failed directory ***
rsync: [receiver] mkstemp &quot;/home/site/wwwroot/.ebextensions\environment.config.K06gdk&quot; failed: Invalid argument (22)
rsync: [receiver] mkstemp &quot;/home/site/wwwroot/.public\81tJnr3gLaL._AC_UF1000,1000_QL80_.jpg.INQoPJ&quot; failed: Invalid argument (22)
rsync: [receiver] mkstemp &quot;/home/site/wwwroot/.public\NGO.png.gMYEI9&quot; failed: Invalid argument (22)
rsync: [receiver] mkstemp &quot;/home/site/wwwroot/.public\NGO1.png.j3eTIa&quot; failed: Invalid argument (22)
rsync: [receiver] mkstemp &quot;/home/site/wwwroot/.public\PITS-removebg-preview.png.BwPsv7&quot; failed: Invalid argument (22)
rsync: [receiver] mkstemp &quot;/home/site/wwwroot/.public\PITS.jpg.eU6YZf&quot; failed: Invalid argument (22)
rsync: [receiver] mkstemp &quot;/home/site/wwwroot/.public\PITS.svg.1ldgR7&quot; failed: Invalid argument (22)
rsync: [receiver] mkstemp &quot;/home/site/wwwroot/.public\asset-manifest.json.KbkQaf&quot; failed: Invalid argument (22)
rsync: [receiver] mkstemp &quot;/home/site/wwwroot/.public\blank-banner-ganesha-3d-dark-background-diwali_125540-3609.avif.3WgGNu&quot; failed: Invalid argument (22)
rsync: [receiver] mkstemp &quot;/home/site/wwwroot/.public\cartoon-illustration-people-with-peace-sign-peace-sign_1108514-85068.avif.gOtsH0&quot; failed: Invalid argument (22)
rsync: [receiver] mkstemp &quot;/home/site/wwwroot/.public\favicon.ico.hfgeE5&quot; failed: Invalid argument (22)
rsync: [receiver] mkstemp &quot;/home/site/wwwroot/.public\index.html.wJ2zIO&quot; failed: Invalid argument (22)
rsync: [receiver] mkstemp &quot;/home/site/wwwroot/.public\logo192.png.ZLP8n7&quot; failed: Invalid argument (22)
rsync: [receiver] mkstemp &quot;/home/site/wwwroot/.public\logo512.png.i7H1mV&quot; failed: Invalid argument (22)
rsync: [receiver] mkstemp &quot;/home/site/wwwroot/.public\manifest.json.9ouTfW&quot; failed: Invalid argument (22)
rsync: [receiver] mkstemp &quot;/home/site/wwwroot/.public\robots.txt.nfsN2P&quot; failed: Invalid argument (22)
rsync: [receiver] mkstemp &quot;/home/site/wwwroot/.public\sai baba.png.ov6VTp&quot; failed: Invalid argument (22)
rsync: [receiver] mkstemp &quot;/home/site/wwwroot/.public\sai-baba.png.h803cj&quot; failed: Invalid argument (22)
rsync: [receiver] mkstemp &quot;/home/site/wwwroot/.public\static\css\main.da0229cc.css.9n68fT&quot; failed: Invalid argument (22)
rsync: [receiver] mkstemp &quot;/home/site/wwwroot/.public\static\css\main.da0229cc.css.map.HKG9xF&quot; failed: Invalid argument (22)
rsync: [receiver] mkstemp &quot;/home/site/wwwroot/.public\static\js\453.1dad9259.chunk.js.U87m33&quot; failed: Invalid argument (22)
rsync: [receiver] mkstemp &quot;/home/site/wwwroot/.public\static\js\453.1dad9259.chunk.js.map.IVARAI&quot; failed: Invalid argument (22)
rsync: [receiver] mkstemp &quot;/home/site/wwwroot/.public\static\js\main.6f005a97.js.HBx8G2&quot; failed: Invalid argument (22)
rsync: [receiver] mkstemp &quot;/home/site/wwwroot/.public\static\js\main.6f005a97.js.LICENSE.txt.KnR3Xu&quot; failed: Invalid argument (22)
rsync: [receiver] mkstemp &quot;/home/site/wwwroot/.public\static\js\main.6f005a97.js.map.q1g4Ow&quot; failed: Invalid argument (22)
rsync: [receiver] mkstemp &quot;/home/site/wwwroot/.public\static\js\main.db8aa659.js.oz9XCs&quot; failed: Invalid argument (22)
rsync: [receiver] mkstemp &quot;/home/site/wwwroot/.public\static\js\main.db8aa659.js.LICENSE.txt.1metv3&quot; failed: Invalid argument (22)
rsync: [receiver] mkstemp &quot;/home/site/wwwroot/.public\static\js\main.db8aa659.js.map.SozIo4&quot; failed: Invalid argument (22)
rsync: [receiver] mkstemp &quot;/home/site/wwwroot/.uploads\1751406110902-blank-banner-ganesha-3d-dark-background-diwali_125540-3609 (1).avif.5jV8x5&quot; failed: Invalid argument (22)
rsync: [receiver] mkstemp &quot;/home/site/wwwroot/.uploads\1751406949461-blank-banner-ganesha-3d-dark-background-diwali_125540-3609 (1).avif.d4Xqa7&quot; failed: Invalid argument (22)
rsync: [receiver] mkstemp &quot;/home/site/wwwroot/.uploads\1751543135272-wp5884514.jpg.iFt0Zs&quot; failed: Invalid argument (22)
rsync: [receiver] mkstemp &quot;/home/site/wwwroot/.uploads\1751897829598-wp5884514.jpg.KQluv2&quot; failed: Invalid argument (22)
rsync: [receiver] mkstemp &quot;/home/site/wwwroot/.uploads\1751909564351-cartoon-illustration-people-with-peace-sign-peace-sign_1108514-85068 (1).avif.YaFBEk&quot; failed: Invalid argument (22)
rsync: [receiver] mkstemp &quot;/home/site/wwwroot/.uploads\1753104511587-wp5884514.jpg.4GQBFB&quot; failed: Invalid argument (22)
rsync: [receiver] mkstemp &quot;/home/site/wwwroot/.uploads\1753112056363-blank-banner-ganesha-3d-dark-background-diwali_125540-3609 (1).avif.jFJARo&quot; failed: Invalid argument (22)
rsync: [receiver] mkstemp &quot;/home/site/wwwroot/.uploads\1753113239524-wp5884514.jpg.5LygEI&quot; failed: Invalid argument (22)
rsync: [receiver] mkstemp &quot;/home/site/wwwroot/.uploads\1753118447580-wp5884514.jpg.B5mk9F&quot; failed: Invalid argument (22)
rsync: [receiver] mkstemp &quot;/home/site/wwwroot/.uploads\1753121598693-wp5884514.jpg.FtfxPq&quot; failed: Invalid argument (22)
rsync: [receiver] mkstemp &quot;/home/site/wwwroot/.uploads\1753284688511-wp5884514.jpg.y4VTQb&quot; failed: Invalid argument (22)
rsync: [receiver] mkstemp &quot;/home/site/wwwroot/.uploads\1753803884793-wp5884514.jpg.r5uFhO&quot; failed: Invalid argument (22)
rsync error: some files/attrs were not transferred (see previous errors) (code 23) at main.c(1338) [sender=3.2.7]
/bin/bash -c &quot;oryx build /tmp/zipdeploy/extracted -o /home/site/wwwroot --platform nodejs --platform-version 20 -p virtualenv_name= --log-file /tmp/build-debug.log  -i /tmp/8ddcfa81ac93b76 -p compress_node_modules=tar-gz | tee /tmp/oryx-build.log ; exit $PIPESTATUS &quot;" stackTrace="   at Kudu.Core.Infrastructure.Executable.ExecuteInternal(ITracer tracer, Func`2 onWriteOutput, Func`2 onWriteError, CancellationToken token, Encoding encoding, String arguments, Object[] args) in /tmp/KuduLite/Kudu.Core/Infrastructure/Executable.cs:line 239
   at Kudu.Core.Infrastructure.Executable.ExecuteWithProgressWriter(ILogger logger, ITracer tracer, CancellationToken token, String arguments, Object[] args) in /tmp/KuduLite/Kudu.Core/Infrastructure/Executable.cs:line 118
   at Kudu.Core.Deployment.Generator.ExternalCommandBuilder.RunCommand(DeploymentContext context, String command, Boolean ignoreManifest, CancellationToken token, String message) in /tmp/KuduLite/Kudu.Core/Deployment/Generator/ExternalCommandBuilder.cs:line 122
   at Kudu.Core.Deployment.Generator.OryxBuilder.RunBuildCommand(IOryxArguments args, DeploymentContext context, CancellationToken token) in /tmp/KuduLite/Kudu.Core/Deployment/Generator/OryxBuilder.cs:line 282
   at Kudu.Core.Deployment.Generator.OryxBuilder.Build(DeploymentContext context, CancellationToken token) in /tmp/KuduLite/Kudu.Core/Deployment/Generator/OryxBuilder.cs:line 123
   at Kudu.Core.Deployment.DeploymentManager.Build(ChangeSet changeSet, ITracer tracer, IDisposable deployStep, IRepository repository, DeploymentInfoBase deploymentInfo, DeploymentAnalytics deploymentAnalytics, Boolean fullBuildByDefault, CancellationToken cancellationToken) in /tmp/KuduLite/Kudu.Core/Deployment/DeploymentManager.cs:line 771
   at Kudu.Core.Deployment.DeploymentManager.Build(ChangeSet changeSet, ITracer tracer, IDisposable deployStep, IRepository repository, DeploymentInfoBase deploymentInfo, DeploymentAnalytics deploymentAnalytics, Boolean fullBuildByDefault, CancellationToken cancellationToken) in /tmp/KuduLite/Kudu.Core/Deployment/DeploymentManager.cs:line 840
   at Kudu.Core.Deployment.DeploymentManager.DeployAsync(IRepository repository, ChangeSet changeSet, String deployer, Boolean clean, DeploymentInfoBase deploymentInfo, Boolean needFileUpdate, Boolean fullBuildByDefault) in /tmp/KuduLite/Kudu.Core/Deployment/DeploymentManager.cs:line 266" /><!-- duration: 4ms -->
        </step><!-- duration: 18231ms -->
        <step title="Reloading status file with latest updates" date="2025-07-30T20:32:05.042" >
          <step title="WebHooksManager.PublishEventAsync: PostDeployment" date="2025-07-30T20:32:05.054" /><!-- duration: 58ms -->
        </step><!-- duration: 73ms -->
        <step title="Error occurred" date="2025-07-30T20:32:05.119" type="error" text="npm warn EBADENGINE Unsupported engine {
npm warn EBADENGINE   package: &apos;ngo-kiosk-backend@1.0.0&apos;,
npm warn EBADENGINE   required: { node: &apos;18.x&apos; },
npm warn EBADENGINE   current: { node: &apos;v20.19.3&apos;, npm: &apos;10.8.2&apos; }
npm warn EBADENGINE }
npm warn deprecated multer@1.4.5-lts.2: Multer 1.x is impacted by a number of vulnerabilities, which have been patched in 2.x. You should upgrade to the latest 2.x version.
rsync: [generator] recv_generator: mkdir &quot;/home/site/wwwroot/public\static\&quot; failed: Invalid argument (22)
*** Skipping any contents from this failed directory ***
rsync: [receiver] mkstemp &quot;/home/site/wwwroot/.ebextensions\environment.config.K06gdk&quot; failed: Invalid argument (22)
rsync: [receiver] mkstemp &quot;/home/site/wwwroot/.public\81tJnr3gLaL._AC_UF1000,1000_QL80_.jpg.INQoPJ&quot; failed: Invalid argument (22)
rsync: [receiver] mkstemp &quot;/home/site/wwwroot/.public\NGO.png.gMYEI9&quot; failed: Invalid argument (22)
rsync: [receiver] mkstemp &quot;/home/site/wwwroot/.public\NGO1.png.j3eTIa&quot; failed: Invalid argument (22)
rsync: [receiver] mkstemp &quot;/home/site/wwwroot/.public\PITS-removebg-preview.png.BwPsv7&quot; failed: Invalid argument (22)
rsync: [receiver] mkstemp &quot;/home/site/wwwroot/.public\PITS.jpg.eU6YZf&quot; failed: Invalid argument (22)
rsync: [receiver] mkstemp &quot;/home/site/wwwroot/.public\PITS.svg.1ldgR7&quot; failed: Invalid argument (22)
rsync: [receiver] mkstemp &quot;/home/site/wwwroot/.public\asset-manifest.json.KbkQaf&quot; failed: Invalid argument (22)
rsync: [receiver] mkstemp &quot;/home/site/wwwroot/.public\blank-banner-ganesha-3d-dark-background-diwali_125540-3609.avif.3WgGNu&quot; failed: Invalid argument (22)
rsync: [receiver] mkstemp &quot;/home/site/wwwroot/.public\cartoon-illustration-people-with-peace-sign-peace-sign_1108514-85068.avif.gOtsH0&quot; failed: Invalid argument (22)
rsync: [receiver] mkstemp &quot;/home/site/wwwroot/.public\favicon.ico.hfgeE5&quot; failed: Invalid argument (22)
rsync: [receiver] mkstemp &quot;/home/site/wwwroot/.public\index.html.wJ2zIO&quot; failed: Invalid argument (22)
rsync: [receiver] mkstemp &quot;/home/site/wwwroot/.public\logo192.png.ZLP8n7&quot; failed: Invalid argument (22)
rsync: [receiver] mkstemp &quot;/home/site/wwwroot/.public\logo512.png.i7H1mV&quot; failed: Invalid argument (22)
rsync: [receiver] mkstemp &quot;/home/site/wwwroot/.public\manifest.json.9ouTfW&quot; failed: Invalid argument (22)
rsync: [receiver] mkstemp &quot;/home/site/wwwroot/.public\robots.txt.nfsN2P&quot; failed: Invalid argument (22)
rsync: [receiver] mkstemp &quot;/home/site/wwwroot/.public\sai baba.png.ov6VTp&quot; failed: Invalid argument (22)
rsync: [receiver] mkstemp &quot;/home/site/wwwroot/.public\sai-baba.png.h803cj&quot; failed: Invalid argument (22)
rsync: [receiver] mkstemp &quot;/home/site/wwwroot/.public\static\css\main.da0229cc.css.9n68fT&quot; failed: Invalid argument (22)
rsync: [receiver] mkstemp &quot;/home/site/wwwroot/.public\static\css\main.da0229cc.css.map.HKG9xF&quot; failed: Invalid argument (22)
rsync: [receiver] mkstemp &quot;/home/site/wwwroot/.public\static\js\453.1dad9259.chunk.js.U87m33&quot; failed: Invalid argument (22)
rsync: [receiver] mkstemp &quot;/home/site/wwwroot/.public\static\js\453.1dad9259.chunk.js.map.IVARAI&quot; failed: Invalid argument (22)
rsync: [receiver] mkstemp &quot;/home/site/wwwroot/.public\static\js\main.6f005a97.js.HBx8G2&quot; failed: Invalid argument (22)
rsync: [receiver] mkstemp &quot;/home/site/wwwroot/.public\static\js\main.6f005a97.js.LICENSE.txt.KnR3Xu&quot; failed: Invalid argument (22)
rsync: [receiver] mkstemp &quot;/home/site/wwwroot/.public\static\js\main.6f005a97.js.map.q1g4Ow&quot; failed: Invalid argument (22)
rsync: [receiver] mkstemp &quot;/home/site/wwwroot/.public\static\js\main.db8aa659.js.oz9XCs&quot; failed: Invalid argument (22)
rsync: [receiver] mkstemp &quot;/home/site/wwwroot/.public\static\js\main.db8aa659.js.LICENSE.txt.1metv3&quot; failed: Invalid argument (22)
rsync: [receiver] mkstemp &quot;/home/site/wwwroot/.public\static\js\main.db8aa659.js.map.SozIo4&quot; failed: Invalid argument (22)
rsync: [receiver] mkstemp &quot;/home/site/wwwroot/.uploads\1751406110902-blank-banner-ganesha-3d-dark-background-diwali_125540-3609 (1).avif.5jV8x5&quot; failed: Invalid argument (22)
rsync: [receiver] mkstemp &quot;/home/site/wwwroot/.uploads\1751406949461-blank-banner-ganesha-3d-dark-background-diwali_125540-3609 (1).avif.d4Xqa7&quot; failed: Invalid argument (22)
rsync: [receiver] mkstemp &quot;/home/site/wwwroot/.uploads\1751543135272-wp5884514.jpg.iFt0Zs&quot; failed: Invalid argument (22)
rsync: [receiver] mkstemp &quot;/home/site/wwwroot/.uploads\1751897829598-wp5884514.jpg.KQluv2&quot; failed: Invalid argument (22)
rsync: [receiver] mkstemp &quot;/home/site/wwwroot/.uploads\1751909564351-cartoon-illustration-people-with-peace-sign-peace-sign_1108514-85068 (1).avif.YaFBEk&quot; failed: Invalid argument (22)
rsync: [receiver] mkstemp &quot;/home/site/wwwroot/.uploads\1753104511587-wp5884514.jpg.4GQBFB&quot; failed: Invalid argument (22)
rsync: [receiver] mkstemp &quot;/home/site/wwwroot/.uploads\1753112056363-blank-banner-ganesha-3d-dark-background-diwali_125540-3609 (1).avif.jFJARo&quot; failed: Invalid argument (22)
rsync: [receiver] mkstemp &quot;/home/site/wwwroot/.uploads\1753113239524-wp5884514.jpg.5LygEI&quot; failed: Invalid argument (22)
rsync: [receiver] mkstemp &quot;/home/site/wwwroot/.uploads\1753118447580-wp5884514.jpg.B5mk9F&quot; failed: Invalid argument (22)
rsync: [receiver] mkstemp &quot;/home/site/wwwroot/.uploads\1753121598693-wp5884514.jpg.FtfxPq&quot; failed: Invalid argument (22)
rsync: [receiver] mkstemp &quot;/home/site/wwwroot/.uploads\1753284688511-wp5884514.jpg.y4VTQb&quot; failed: Invalid argument (22)
rsync: [receiver] mkstemp &quot;/home/site/wwwroot/.uploads\1753803884793-wp5884514.jpg.r5uFhO&quot; failed: Invalid argument (22)
rsync error: some files/attrs were not transferred (see previous errors) (code 23) at main.c(1338) [sender=3.2.7]
/bin/bash -c &quot;oryx build /tmp/zipdeploy/extracted -o /home/site/wwwroot --platform nodejs --platform-version 20 -p virtualenv_name= --log-file /tmp/build-debug.log  -i /tmp/8ddcfa81ac93b76 -p compress_node_modules=tar-gz | tee /tmp/oryx-build.log ; exit $PIPESTATUS &quot;" stackTrace="   at Kudu.Core.Infrastructure.Executable.ExecuteInternal(ITracer tracer, Func`2 onWriteOutput, Func`2 onWriteError, CancellationToken token, Encoding encoding, String arguments, Object[] args) in /tmp/KuduLite/Kudu.Core/Infrastructure/Executable.cs:line 239
   at Kudu.Core.Infrastructure.Executable.ExecuteWithProgressWriter(ILogger logger, ITracer tracer, CancellationToken token, String arguments, Object[] args) in /tmp/KuduLite/Kudu.Core/Infrastructure/Executable.cs:line 118
   at Kudu.Core.Deployment.Generator.ExternalCommandBuilder.RunCommand(DeploymentContext context, String command, Boolean ignoreManifest, CancellationToken token, String message) in /tmp/KuduLite/Kudu.Core/Deployment/Generator/ExternalCommandBuilder.cs:line 122
   at Kudu.Core.Deployment.Generator.OryxBuilder.RunBuildCommand(IOryxArguments args, DeploymentContext context, CancellationToken token) in /tmp/KuduLite/Kudu.Core/Deployment/Generator/OryxBuilder.cs:line 282
   at Kudu.Core.Deployment.Generator.OryxBuilder.Build(DeploymentContext context, CancellationToken token) in /tmp/KuduLite/Kudu.Core/Deployment/Generator/OryxBuilder.cs:line 123
   at Kudu.Core.Deployment.DeploymentManager.Build(ChangeSet changeSet, ITracer tracer, IDisposable deployStep, IRepository repository, DeploymentInfoBase deploymentInfo, DeploymentAnalytics deploymentAnalytics, Boolean fullBuildByDefault, CancellationToken cancellationToken) in /tmp/KuduLite/Kudu.Core/Deployment/DeploymentManager.cs:line 771
   at Kudu.Core.Deployment.DeploymentManager.Build(ChangeSet changeSet, ITracer tracer, IDisposable deployStep, IRepository repository, DeploymentInfoBase deploymentInfo, DeploymentAnalytics deploymentAnalytics, Boolean fullBuildByDefault, CancellationToken cancellationToken) in /tmp/KuduLite/Kudu.Core/Deployment/DeploymentManager.cs:line 840
   at Kudu.Core.Deployment.DeploymentManager.DeployAsync(IRepository repository, ChangeSet changeSet, String deployer, Boolean clean, DeploymentInfoBase deploymentInfo, Boolean needFileUpdate, Boolean fullBuildByDefault) in /tmp/KuduLite/Kudu.Core/Deployment/DeploymentManager.cs:line 266" /><!-- duration: 8ms -->
        <step title="Marking deployment as failed and cleaning up the temp deployment" date="2025-07-30T20:32:05.181" /><!-- duration: 5ms -->
      </step><!-- duration: 20323ms -->
      <step title="Error occurred" date="2025-07-30T20:32:05.322" type="error" text="One or more errors occurred. (Deployment failed)" stackTrace="   at System.Threading.Tasks.Task.ThrowIfExceptional(Boolean includeTaskCanceledExceptions)
   at System.Threading.Tasks.Task.Wait(Int32 millisecondsTimeout, CancellationToken cancellationToken)
   at System.Threading.Tasks.Task.Wait()
   at Kudu.Core.Deployment.FetchDeploymentManager.&lt;&gt;c__DisplayClass22_1.&lt;PerformBackgroundDeployment&gt;b__3() in /tmp/KuduLite/Kudu.Core/Deployment/FetchDeploymentManager.cs:line 414
   at Kudu.Contracts.Infrastructure.LockExtensions.TryLockOperation(IOperationLock lockObj, Action operation, String operationName, TimeSpan timeout) in /tmp/KuduLite/Kudu.Contracts/Infrastructure/LockExtensions.cs:line 34
   at Kudu.Contracts.Infrastructure.LockExtensions.LockOperation(IOperationLock lockObj, Action operation, String operationName, TimeSpan timeout) in /tmp/KuduLite/Kudu.Contracts/Infrastructure/LockExtensions.cs:line 46
   at Kudu.Core.Deployment.FetchDeploymentManager.&lt;&gt;c__DisplayClass22_0.&lt;PerformBackgroundDeployment&gt;b__1() in /tmp/KuduLite/Kudu.Core/Deployment/FetchDeploymentManager.cs:line 393" innerText="Deployment failed" innerStackTrace="   at Kudu.Core.Deployment.DeploymentManager.DeployAsync(IRepository repository, ChangeSet changeSet, String deployer, Boolean clean, DeploymentInfoBase deploymentInfo, Boolean needFileUpdate, Boolean fullBuildByDefault) in /tmp/KuduLite/Kudu.Core/Deployment/DeploymentManager.cs:line 307
   at Kudu.Core.Deployment.FetchDeploymentManager.PerformDeployment(DeploymentInfoBase deploymentInfo, IDisposable tempDeployment, ChangeSet tempChangeSet, DeployStatusApiResult updateStatusObj) in /tmp/KuduLite/Kudu.Core/Deployment/FetchDeploymentManager.cs:line 230" /><!-- duration: 6ms -->
    </step><!-- duration: 20357ms -->
