<step title="Incoming Request" date="2025-07-30T14:53:47.750" instance="4affde" url="/ngo-kiosk-app.git/info/refs?service=git-receive-pack" method="GET" type="request" pid="821,1,15" Accept="*/*" Host="ngo-kiosk-app-fmh6acaxd4czgyh4.scm.centralus-01.azurewebsites.net" User-Agent="git/2.50.1.windows.1" Accept-Encoding="deflate, gzip, br, zstd" Authorization="Bas..." Pragma="no-cache" X-ARR-LOG-ID="297c218f-dcd5-4029-badc-d43cd3cb7ad0" CLIENT-IP="173.71.126.156:59225" X-SITE-DEPLOYMENT-ID="ngo-kiosk-app" WAS-DEFAULT-HOSTNAME="ngo-kiosk-app-fmh6acaxd4czgyh4.scm.centralus-01.azurewebsites.net" X-Forwarded-Proto="https" X-AppService-Proto="https" X-Forwarded-TlsVersion="1.3" X-WAWS-Unencoded-URL="/ngo-kiosk-app.git/info/refs?service=git-receive-pack" X-Client-IP="173.71.126.156" X-Client-Port="59225" >
  <step title="Cleanup Xml Logs" date="2025-07-30T14:53:47.754" /><!-- duration: 6ms -->
  <step title="InfoRefsService.Execute" date="2025-07-30T14:53:47.783" >
    <step title="InfoRefsService.SmartInfoRefs" date="2025-07-30T14:53:47.791" >
      <step title="Acquiring Deployment Lock" date="2025-07-30T14:53:47.799" /><!-- duration: 3ms -->
      <step title="Acquired Deployment Lock" date="2025-07-30T14:53:47.846" /><!-- duration: 3ms -->
      <step title="GitExeServer.Initialize" date="2025-07-30T14:53:47.854" >
        <step title="GitExeRepository.Initialize" date="2025-07-30T14:53:47.861" >
          <step title="Executing external process" date="2025-07-30T14:53:47.865" type="process" path="git" arguments="init" /><!-- duration: 350ms -->
          <step title="Executing external process" date="2025-07-30T14:53:48.219" type="process" path="git" arguments="config core.autocrlf false" /><!-- duration: 19ms -->
          <step title="Executing external process" date="2025-07-30T14:53:48.242" type="process" path="git" arguments="config core.preloadindex true" /><!-- duration: 17ms -->
          <step title="Executing external process" date="2025-07-30T14:53:48.263" type="process" path="git" arguments="config user.name &quot;unknown&quot;" /><!-- duration: 19ms -->
          <step title="Executing external process" date="2025-07-30T14:53:48.286" type="process" path="git" arguments="config user.email &quot;unknown&quot;" /><!-- duration: 15ms -->
          <step title="Executing external process" date="2025-07-30T14:53:48.303" type="process" path="git" arguments="config filter.lfs.clean &quot;git-lfs clean %f&quot;" /><!-- duration: 15ms -->
          <step title="Executing external process" date="2025-07-30T14:53:48.323" type="process" path="git" arguments="config filter.lfs.smudge &quot;git-lfs smudge %f&quot;" /><!-- duration: 15ms -->
          <step title="Executing external process" date="2025-07-30T14:53:48.342" type="process" path="git" arguments="config filter.lfs.required true" /><!-- duration: 27ms -->
          <step title="Configure git server" date="2025-07-30T14:53:48.372" >
            <step title="Executing external process" date="2025-07-30T14:53:48.375" type="process" path="git" arguments="config receive.denyCurrentBranch ignore" /><!-- duration: 34ms -->
          </step><!-- duration: 40ms -->
          <step title="Create deny users for .git folder" date="2025-07-30T14:53:48.414" /><!-- duration: 20ms -->
          <step title="Configure git-credential" date="2025-07-30T14:53:48.437" >
            <step title="Executing external process" date="2025-07-30T14:53:48.472" type="process" path="git" arguments="config credential.helper &quot;!&apos;/home/site/repository/.git/hooks/git-credential-invalid.sh&apos;&quot;" /><!-- duration: 20ms -->
          </step><!-- duration: 58ms -->
          <step title="Setup post receive hook" date="2025-07-30T14:53:48.497" >
            <step title="Non-Windows enviroment, granting 755 permission to post-receive hook file" date="2025-07-30T14:53:48.516" /><!-- duration: 23ms -->
          </step><!-- duration: 45ms -->
        </step><!-- duration: 684ms -->
      </step><!-- duration: 694ms -->
      <step title="Releasing Deployment Lock" date="2025-07-30T14:53:48.552" /><!-- duration: 3ms -->
      <step title="GitExeServer.AdvertiseReceivePack" date="2025-07-30T14:53:48.565" >
        <step title="Executing external process" date="2025-07-30T14:53:48.568" type="process" path="git" arguments="receive-pack --stateless-rpc --advertise-refs &quot;/home/site/repository&quot;" /><!-- duration: 27ms -->
      </step><!-- duration: 38ms -->
      <step title="Writing 216 bytes" date="2025-07-30T14:53:48.606" /><!-- duration: 3ms -->
    </step><!-- duration: 820ms -->
  </step><!-- duration: 832ms -->
  <step title="Outgoing response" date="2025-07-30T14:53:48.621" type="response" statusCode="200" statusText="OK" /><!-- duration: 3ms -->
</step><!-- duration: 877ms -->
