<step title="Incoming Request" date="2025-07-30T20:31:40.589" instance="54c06d" url="/api/zipdeploy?isAsync=true" method="POST" type="request" pid="821,1,19" Accept="*/*" Host="ngo-kiosk-app-fmh6acaxd4czgyh4.scm.centralus-01.azurewebsites.net" User-Agent="AZURECLI/2.51.0 (MSI)" Accept-Encoding="gzip, deflate" Authorization="Bea..." Cache-Control="no-cache" Content-Type="application/octet-stream" Content-Length="10978980" x-ms-client-request-id="312a792a-6d84-11f0-a5e5-a0b339c0ac50" X-ARR-LOG-ID="312a792a-6d84-11f0-a5e5-a0b339c0ac50" CLIENT-IP="173.71.126.156:58262" X-SITE-DEPLOYMENT-ID="ngo-kiosk-app" WAS-DEFAULT-HOSTNAME="ngo-kiosk-app-fmh6acaxd4czgyh4.scm.centralus-01.azurewebsites.net" X-Forwarded-Proto="https" X-AppService-Proto="https" X-Forwarded-TlsVersion="1.3" X-WAWS-Unencoded-URL="/api/zipdeploy?isAsync=true" X-Client-IP="173.71.126.156" X-Client-Port="58262" >
  <step title="Cleanup Xml Logs" date="2025-07-30T20:31:40.600" /><!-- duration: 16ms -->
  <step title="ZipPushDeploy" date="2025-07-30T20:31:40.653" >
    <step title="ZipDeploy. Extract zip. Remote build." date="2025-07-30T20:31:40.677" /><!-- duration: 2ms -->
    <step title="None repository commit" date="2025-07-30T20:31:40.685" >
      <step title="Commit id: ff1e5175-620f-4c69-b8cf-1c2ff5d991a6" date="2025-07-30T20:31:40.690" Message="N/A" AuthorName="N/A" AuthorEmail="N/A" /><!-- duration: 3ms -->
    </step><!-- duration: 12ms -->
    <step title="Starting PushDeployAsync" date="2025-07-30T20:31:40.700" /><!-- duration: 6ms -->
    <step title="Removing _del_node_modules symlink" date="2025-07-30T20:31:40.760" >
      <step title="Writing artifact to /tmp/zipdeploy/d8c0aa01-9c71-4db8-9cfb-c9b5227c936b.zip" date="2025-07-30T20:31:40.852" >
        <step title="Writing multipart request body to /tmp/zipdeploy/d8c0aa01-9c71-4db8-9cfb-c9b5227c936b.zip" date="2025-07-30T20:31:40.855" /><!-- duration: 8ms -->
      </step><!-- duration: 108ms -->
      <step title="Removing previous build artifact&apos;s manifest file" date="2025-07-30T20:31:40.965" >
        <step title="Start deployment in the background" date="2025-07-30T20:31:41.259" >
          <step title="Acquiring Deployment Lock" date="2025-07-30T20:31:41.274" /><!-- duration: 2ms -->
          <step title="Acquired Deployment Lock" date="2025-07-30T20:31:41.325" /><!-- duration: 3ms -->
        </step><!-- duration: 143ms -->
      </step><!-- duration: 441ms -->
      <step title="Outgoing response" date="2025-07-30T20:31:41.412" type="response" statusCode="202" statusText="Accepted" /><!-- duration: 2ms -->
    </step><!-- duration: 658ms -->
